team_name,possession__your_possession_time_seconds,possession__attacking_third_possession_seconds,possession__attacking_third_possession_pct_of_team,possession__possession_pct,distribution__passes,distribution__successful_passes,distribution__intercepted_passes,distribution__unsuccessful_passes,distribution__short_passes,distribution__long_passes,distribution__crosses,distribution__through_passes,distribution__header_passes,distribution__forward_passes,distribution__lateral_passes,distribution__back_passes,distribution__passing_accuracy_pct,distribution__assists,distribution__key_passes,attack__goals,attack__shots,attack__shots_on_target,attack__shots_off_target,attack__blocked_shots,attack__shot_creating_actions,defense__tackles,defense__successful_tackles,defense__tackles_success_rate_pct,defense__clearances,defense__interceptions,defense__recoveries,defense__recoveries_attacking_third,defense__recoveries_attacking_third_pct,defense__blocks,defense__saves,general__duels,general__duels_won,general__duels_success_rate_pct,general__aerial_duels,general__ground_duels,general__offsides,general__corner_awarded,discipline__fouls_conceded,discipline__yellow_cards,discipline__red_cards,match_rating_attack,match_rating_defense,match_rating_distribution,match_rating_general,match_rating_discipline,overall_rating,outcome_score,added_at,match_number,match_id,is_synthetic,match_rating_overall,match_rating_attack_rounded,match_rating_defense_rounded,match_rating_distribution_rounded,match_rating_discipline_rounded,match_rating_general_rounded,match_rating_overall_rounded
San Beda,1476.0,159.0,10.77,52.027,272,227,23,22,215,27,7.0,23,0,169,26,77,83.46,3.0,3,4,18,7,6,5,30.0,7,5,71.43,5,3,19.0,1.0,5.26,2.0,6,31,16,51.61,8,15,3.0,5.0,15,1,0,6.43,6.23,7.38,6.84,6.11,6.6,0.5,2025-11-15T08:38:20.653328+00:00,1,San_Beda_20251115163820_1,0,,6.0,6.0,7.0,6.0,7.0,0.0
San Beda,1649.3746352699309,168.20535010511202,12.333088443220015,58.903562794745845,297,154,16,18,221,30,4.999478870193679,19,1,154,24,94,72.02543764680567,2.856722896465842,3,5,15,6,7,6,23.99949822557176,4,6,65.0,6,2,21.7343897052316,0.9695502841443916,4.177546685778461,2.105544596998139,6,38,20,52.0,9,14,4.140741881721279,4.547643454669808,16,1,0,56.78,44.7,70.94,90.12,70.2,6.504839272505684,0.823806433959937,2025-11-15T08:38:20.659185+00:00,2,San_Beda_20251115163820_2,1,68.04,57.0,45.0,71.0,70.0,90.0,68.0
San Beda,1507.5716784612025,151.4293731992723,12.143210059185767,47.58196096411838,361,270,26,22,183,30,10.28798074221256,25,2,220,34,86,97.78322314290578,3.461183107069094,3,5,20,10,5,5,34.525162487118514,5,6,72.0,4,3,18.44195300149628,0.7373992054929955,5.359760487801501,1.8071018537126224,6,36,16,37.0,7,13,3.511524835454778,5.193976742120462,12,1,1,69.16,51.18,95.0,77.24,67.05,8.062077242600106,0.3526115281191416,2025-11-15T08:38:20.659591+00:00,3,San_Beda_20251115163820_3,1,75.05,69.0,51.0,95.0,67.0,77.0,75.0
San Beda,1529.7858551715267,176.07950859407154,10.615600886167403,49.74023656279577,279,242,14,22,249,24,8.395433808887994,32,0,135,27,104,89.92604748968705,2.8620875358165483,3,5,20,7,7,7,27.7819326632308,7,5,61.0,4,3,18.25973320227542,0.6622737730025527,5.795013833581116,2.400197014878947,5,33,17,39.0,7,10,2.5567115949721626,5.315679109803079,14,1,0,63.24,57.2,89.89,91.78,74.06,5.070251071591151,1.1288753031040777,2025-11-15T08:38:20.665074+00:00,4,San_Beda_20251115163820_4,1,78.7,63.0,57.0,90.0,74.0,92.0,79.0
San Beda,1086.1649442135636,192.8024926621715,10.0,56.48010396611737,102,224,29,21,257,28,5.452133610690641,25,0,219,24,51,75.17905521326404,2.498687068323456,2,4,21,6,7,5,38.94497118237316,9,5,64.0,3,4,19.247699054870044,0.8684013030770316,5.367538239861582,1.5282503490726436,8,30,20,63.0,9,21,3.4487238550139865,3.277611251104436,9,0,0,62.77,54.55,72.5,95.0,77.35,6.692962171969994,0.1506550251249432,2025-11-15T08:38:20.665733+00:00,5,San_Beda_20251115163820_5,1,69.03,63.0,55.0,72.0,77.0,95.0,69.0
San Beda,1282.99316895307,130.83206139378555,13.740608159767808,52.17475832191549,263,254,18,18,184,39,8.854288716360273,27,1,134,33,70,97.58037941458508,1.7444938025771752,3,5,15,8,7,5,33.262374005084986,5,5,59.0,5,3,25.799556439805247,0.7765175400137192,4.882819035136226,1.5750162657600897,6,34,21,43.0,5,14,3.121245157467386,6.7165494561200365,12,1,1,58.12,46.28,93.48,90.1,69.43,6.685693973469171,1.3213293041524612,2025-11-15T08:38:20.666211+00:00,6,San_Beda_20251115163820_6,1,73.35,58.0,46.0,93.0,69.0,90.0,73.0
San Beda,1502.711624326097,106.6634759904692,15.142452317080664,56.56590874365647,256,249,23,23,260,23,8.345110931939677,25,1,178,34,97,79.6803424800807,3.0286363554787203,4,4,17,6,7,6,41.82480034014171,8,5,94.0,5,4,17.026682729692055,0.9686882753499158,5.106302982353306,1.9924759607007163,5,24,11,44.0,9,21,3.589504367231793,3.802356451137229,18,2,1,54.05,42.62,71.09,80.66,68.16,7.438509566768388,0.4987040403093822,2025-11-15T08:38:20.666582+00:00,7,San_Beda_20251115163820_7,1,66.97,54.0,43.0,71.0,68.0,81.0,67.0
San Beda,762.586783944181,184.9843266587705,10.0,49.98825668988279,330,207,33,24,175,27,4.872237698370778,22,0,138,28,73,78.31135922152492,2.8327976095263057,3,3,20,6,6,5,13.929877539065078,8,3,68.0,4,2,17.499728826036637,0.5616381614850655,4.261467886973731,1.6391020100729354,6,29,17,36.0,7,9,3.145791916079227,5.870322618883504,16,1,1,59.12,55.26,76.58,88.9,71.52,7.920840649964426,0.9168561896820852,2025-11-15T08:38:20.666836+00:00,8,San_Beda_20251115163820_8,1,67.52,59.0,55.0,77.0,72.0,89.0,68.0
San Beda,1993.691902334636,217.96725359018268,10.61127985849328,47.81764748847319,291,177,17,24,197,32,5.383402989196567,23,1,230,22,65,97.25994684164668,3.183244583203846,3,3,15,4,9,4,41.80300328174488,6,4,91.0,4,4,24.71063998361766,1.7625998663996405,5.1691433599265,2.29041336141948,7,40,13,44.0,10,15,3.251780129679797,5.503821718921759,14,1,1,55.78,55.5,92.37,61.14,63.67,3.944829423962912,0.8913389824916094,2025-11-15T08:38:20.667046+00:00,9,San_Beda_20251115163820_9,1,68.87,56.0,56.0,92.0,64.0,61.0,69.0
San Beda,938.5335223112294,158.63460149337644,10.0,52.618400845837066,273,287,22,22,239,30,6.385920349984471,25,1,157,28,82,95.40458436749792,3.1978488321786847,3,3,23,6,5,6,21.9010182322744,8,6,71.0,4,4,19.97527333849289,1.8432252881976192,5.852477503926402,2.1591423742860005,6,29,22,44.0,7,15,3.62495782618362,6.046677778423279,16,1,1,49.87,53.77,90.58,95.0,68.63,6.455073577299896,0.2389668142070455,2025-11-15T08:38:20.667268+00:00,10,San_Beda_20251115163820_10,1,71.91,50.0,54.0,91.0,69.0,95.0,72.0
San Beda,1384.5951571253954,181.7531253804779,11.27469996522314,52.09247263092573,322,297,25,26,274,32,6.697025351452701,22,1,162,20,55,90.20697818835887,3.782793308445146,3,4,21,4,5,6,26.45860477652996,8,5,87.0,4,2,19.716722944624955,0.5705650984757358,5.969978351263151,1.9331085332268405,6,28,21,53.0,9,14,2.57441432300426,3.8907194397356193,18,1,0,56.45,54.45,90.51,95.0,73.75,7.01638743377072,1.5749835549878788,2025-11-15T08:38:20.667597+00:00,11,San_Beda_20251115163820_11,1,72.67,56.0,54.0,91.0,74.0,95.0,73.0
San Beda,1807.550553127076,153.22668991289487,10.0,44.96171683655104,297,156,28,24,266,29,7.707769142017763,29,0,167,29,62,92.42573285899898,2.357692484905934,2,4,17,5,5,5,37.204430227208,7,5,72.0,4,3,18.57386318736356,0.5026814527349646,7.506536540054814,1.715065823541006,5,37,12,32.0,6,14,4.101663504744169,6.276794488059963,16,2,0,61.14,48.61,90.79,72.84,75.89,3.535133083626235,0.3079302577491026,2025-11-15T08:38:20.667830+00:00,12,San_Beda_20251115163820_12,1,66.77,61.0,49.0,91.0,76.0,73.0,67.0
San Beda,1454.4779277673802,102.21878600196196,13.377054496496786,52.228661607346645,204,153,25,19,189,18,7.574749457345661,24,1,132,28,71,93.70157940122353,3.260594319280089,3,4,19,6,6,5,22.39817190973908,9,4,67.0,3,2,21.600034737010645,1.5301368782353002,4.533304974127067,2.4379619562922774,6,27,21,48.0,6,17,2.7313332011476548,6.757741646946862,21,1,1,51.42,45.71,92.04,95.0,65.03,8.473385040376478,0.3719963431285277,2025-11-15T08:38:20.668034+00:00,13,San_Beda_20251115163820_13,1,68.99,51.0,46.0,92.0,65.0,95.0,69.0
San Beda,1436.456591937997,150.45608666314098,12.072785147503255,59.07885947894557,363,155,34,19,235,31,8.718436280676048,20,0,189,19,65,46.4560007583738,2.9985439091030366,3,5,19,4,4,5,25.96437921360292,6,4,72.0,4,4,22.45014308137699,0.5860783363815412,3.706226841326637,2.21513589423441,5,34,20,57.0,8,5,2.584225555245196,4.084298332636699,16,1,0,51.34,49.98,36.83,85.23,73.49,8.486495342103314,2.15479945609818,2025-11-15T08:38:20.668228+00:00,14,San_Beda_20251115163820_14,1,59.52,51.0,50.0,37.0,73.0,85.0,60.0
San Beda,1234.4991169850437,160.2028817833,12.006492397978734,56.13285998264031,246,256,23,20,217,30,6.484214880714295,30,0,180,20,65,88.84538651535361,2.496542977663004,4,3,17,8,9,4,35.309990185195595,6,6,38.0,5,4,19.58815645194549,1.3075736318161582,5.430122663426365,1.8655668131144347,4,25,12,62.0,9,17,3.5820870563701632,6.202707839179357,21,1,1,60.18,49.07,90.95,84.92,64.35,4.54878598221484,0.0,2025-11-15T08:38:20.668468+00:00,15,San_Beda_20251115163820_15,1,68.69,60.0,49.0,91.0,64.0,85.0,69.0
San Beda,2118.6047854780822,134.93433247804876,10.0,53.81552291284705,213,246,24,28,301,32,10.446343602842251,17,2,202,29,63,60.41239435690288,3.087030771782475,3,4,13,8,7,4,39.42297859912522,9,2,50.0,5,3,18.31635968517782,0.423358436049175,5.98374965817599,1.5533098782720416,7,39,16,73.0,8,15,2.556544962162905,5.184317266845715,13,0,0,55.38,56.52,60.65,77.43,74.4,4.289645499318638,0.1992876134734336,2025-11-15T08:38:20.668666+00:00,16,San_Beda_20251115163820_16,1,63.63,55.0,57.0,61.0,74.0,77.0,64.0
San Beda,1215.5888839289196,174.9364769227093,12.542103972377095,48.224579143735085,226,315,21,19,247,27,6.686458614758655,23,0,181,29,74,83.51418591622601,2.5230966173785867,4,4,19,7,6,6,27.678089846143127,10,7,64.0,4,3,10.705585666650252,1.5384538767679508,4.481075657073173,2.6810648800405628,6,31,19,45.0,6,11,2.417957962680179,3.963381402624068,14,2,0,62.68,47.98,79.22,89.14,73.61,6.791852053168813,0.4634654242680519,2025-11-15T08:38:20.668868+00:00,17,San_Beda_20251115163820_17,1,65.85,63.0,48.0,79.0,74.0,89.0,66.0
San Beda,1318.2261652584082,188.6202724452129,12.065249511754304,23.656867339596005,332,206,19,25,157,24,5.465221485006054,21,0,171,31,52,76.36042588856004,3.81775688109058,3,4,17,5,8,6,23.450047983264323,8,4,92.0,4,4,16.261783039378663,1.164495788701691,4.203406268471275,1.9401086022205776,4,41,17,51.0,10,19,1.9623038630082024,4.586708178467766,12,2,2,49.69,45.84,79.9,74.55,64.55,5.572066971450967,0.0,2025-11-15T08:38:20.669061+00:00,18,San_Beda_20251115163820_18,1,62.18,50.0,46.0,80.0,65.0,75.0,62.0
San Beda,1748.185221120183,133.08214443239643,10.209057708595532,76.54062918021275,281,244,26,17,239,25,8.200405622746567,30,1,224,22,111,78.13190204228108,3.008732324325198,3,4,21,8,6,7,33.99060501124335,5,5,58.0,5,3,18.81277045234396,1.2660366986971137,4.392866958338287,1.4741623485689543,7,21,13,46.0,10,11,2.5305928359511123,4.293359918506812,10,1,0,51.15,54.13,78.6,95.0,77.76,7.636782106805178,0.6937916647766403,2025-11-15T08:38:20.669255+00:00,19,San_Beda_20251115163820_19,1,68.5,51.0,54.0,79.0,78.0,95.0,68.0
San Beda,1258.7732643368456,166.66151646414698,10.0,56.51737026962672,274,214,29,22,237,37,6.349235531057304,24,1,158,28,23,83.12826233987865,2.2648983248599404,4,4,23,8,5,3,36.54873353748904,5,5,63.0,5,4,16.055219507403855,1.457278521338987,7.724968252590812,1.6601508865994492,8,21,16,52.0,11,16,3.697795568095181,4.857271980744228,15,1,1,58.67,55.66,86.56,95.0,75.36,5.347919500891728,0.0,2025-11-15T08:38:20.669451+00:00,20,San_Beda_20251115163820_20,1,73.14,59.0,56.0,87.0,75.0,95.0,73.0
San Beda,1165.5061354407003,202.6143156098745,10.056510613806845,62.36830329306282,295,218,25,20,157,26,9.600276081921344,28,0,179,21,69,87.4234383063324,2.229486900989496,3,3,19,6,7,6,33.90210645155358,6,4,73.0,5,3,16.528491914317172,0.9840476002551468,6.43266339378802,2.212598125603064,7,42,15,59.0,8,13,2.073932285721071,4.661244159012934,12,1,1,57.15,54.24,91.43,70.28,67.59,6.25029999017483,0.3194340030568867,2025-11-15T08:38:20.669709+00:00,21,San_Beda_20251115163820_21,1,66.67,57.0,54.0,91.0,68.0,70.0,67.0
San Beda,1428.841662882488,168.55460494499914,10.0,48.14356700865833,160,245,24,20,255,32,6.868010435288507,26,0,122,32,81,85.08575256716883,3.118838963114614,3,4,22,9,6,3,27.008536245227965,7,8,90.0,6,2,16.725479381842604,1.2683109853024366,3.2494990979579588,2.1586934441992325,5,25,14,41.0,6,12,2.2550419290976023,7.849043488241527,17,0,1,53.99,48.76,85.74,86.0,68.49,6.214079567901553,0.8751361348040982,2025-11-15T08:38:20.669936+00:00,22,San_Beda_20251115163820_22,1,69.39,54.0,49.0,86.0,68.0,86.0,69.0
San Beda,1268.2152519222047,203.8206863886687,11.846097389628268,65.5650877773726,312,237,14,12,130,32,5.695471469707588,18,0,104,27,33,64.3705772416245,3.958637726429112,3,3,17,9,5,4,32.80781216509725,6,8,74.0,5,4,24.70326778266811,1.3397426389007816,4.338559668519757,1.835032457207934,6,36,21,38.0,8,13,3.261535114025644,4.543287226050247,16,1,0,52.11,54.21,56.41,93.16,73.27,7.984972989737926,0.0,2025-11-15T08:38:20.670203+00:00,23,San_Beda_20251115163820_23,1,70.58,52.0,54.0,56.0,73.0,93.0,71.0
San Beda,1098.0924474143424,249.28337939601408,11.557061031722869,56.20024939371447,260,228,21,24,241,32,7.168287472061851,22,1,153,23,90,135.4295215659895,3.040196971114625,3,5,24,7,4,5,26.784690653697417,6,5,67.0,5,2,21.210025988845967,1.5114739438250655,6.737264197455936,2.3798611280573514,7,26,15,44.0,7,17,3.392328223185892,4.917917246218684,21,1,0,54.97,54.55,95.0,95.0,73.65,6.829053326169044,0.5561102406738994,2025-11-15T08:38:20.670449+00:00,24,San_Beda_20251115163820_24,1,72.47,55.0,55.0,95.0,74.0,95.0,72.0
San Beda,1458.3801969889832,220.64576367929232,12.86074907476236,72.54775115316605,205,210,18,18,245,29,7.664374471194761,28,0,216,30,114,62.11742151428,3.313639578947753,2,5,18,7,6,5,29.165680113280704,7,6,83.0,4,3,21.038915854242457,1.566335726600954,7.91075882397905,1.5220147383465952,7,25,18,53.0,7,15,3.2411810354931574,6.117021931529803,13,1,0,56.35,50.93,56.22,95.0,74.75,7.895040451751704,0.5912960221143307,2025-11-15T08:38:20.670939+00:00,25,San_Beda_20251115163820_25,1,63.96,56.0,51.0,56.0,75.0,95.0,64.0
San Beda,1081.380647680916,110.33353800515609,10.0,45.55649688810512,241,261,26,22,222,30,9.97360438271913,26,1,172,15,97,82.40600553069459,2.5031519104931776,3,4,22,10,4,4,29.85929702577448,7,7,50.0,4,3,20.08831485028485,0.9564493509904848,5.9864943341655525,2.028477551625496,7,40,18,66.0,7,21,2.060855105156989,6.2502272967063215,10,0,2,55.56,57.22,85.7,76.78,80.3,7.768643673190999,0.0,2025-11-15T08:38:20.671286+00:00,26,San_Beda_20251115163820_26,1,71.11,56.0,57.0,86.0,80.0,77.0,71.0
San Beda,1963.482810590175,115.74450051877622,10.0,40.49781494465898,264,223,22,23,226,25,10.864464491216896,19,0,153,29,75,68.37380974597733,3.869033781597688,3,3,10,5,7,6,37.42551741618024,8,6,59.0,3,2,19.913685957886056,0.6570787098331352,3.9791075028151335,1.8467068908505064,4,32,9,65.0,8,12,3.817397349260004,4.674491001443746,13,1,0,43.31,58.58,65.74,67.15,64.56,8.057978872021557,1.202082476768423,2025-11-15T08:38:20.671614+00:00,27,San_Beda_20251115163820_27,1,58.65,43.0,59.0,66.0,65.0,67.0,59.0
San Beda,1896.4635099997377,105.19630706894866,13.987899508240464,50.53722829152618,75,222,27,19,217,28,9.337021481310227,28,0,169,29,80,82.07736378864715,4.517520305166967,3,4,22,7,5,6,28.582636247765784,7,6,54.0,7,3,13.28620621491757,0.8133390254450041,6.542380801382314,1.984453496559676,6,42,19,64.0,8,12,3.815622085977527,5.68919017754674,17,0,1,49.99,55.63,86.48,75.99,72.67,7.041343689699075,1.097439419242435,2025-11-15T08:38:20.671951+00:00,28,San_Beda_20251115163820_28,1,67.91,50.0,56.0,86.0,73.0,76.0,68.0
San Beda,1644.746164391358,208.16465509726933,10.863173518532877,59.83024445949776,281,290,26,22,199,33,5.529402377624169,19,0,193,21,60,71.71534181197498,2.7733851196383066,4,6,14,7,6,5,28.69479636115169,5,5,67.0,7,4,23.14444056137814,0.2461386890220649,6.321909617320748,1.4896162448093828,6,30,17,51.0,7,13,4.212642948262768,4.460720636978852,14,0,0,45.3,52.78,73.92,88.13,78.69,5.522855794829463,0.8311025070762887,2025-11-15T08:38:20.672290+00:00,29,San_Beda_20251115163820_29,1,60.3,45.0,53.0,74.0,79.0,88.0,60.0
San Beda,1783.8028401356323,122.27372052219728,10.280565445806817,46.9593020073721,257,229,16,22,204,25,6.872412854824218,33,0,167,28,68,90.04589723739689,4.138213170321109,5,5,18,6,6,4,30.139320942915752,7,4,84.0,5,3,27.081924535980693,0.7818527053795122,3.401626598315021,2.209768541289404,6,33,22,48.0,7,22,2.7342493257415303,4.018251127169575,12,1,1,51.61,43.67,85.64,95.0,68.01,6.579427720332982,0.7780785604853386,2025-11-15T08:38:20.672632+00:00,30,San_Beda_20251115163820_30,1,68.29,52.0,44.0,86.0,68.0,95.0,68.0
San Beda,1880.313643043152,136.55929160088468,10.0,47.68959621919935,314,268,25,13,236,34,5.091161078118467,21,3,230,28,90,97.2098521757522,3.297654845483339,3,4,21,7,4,5,25.44985353196656,9,4,93.0,4,3,18.71860307719187,0.8428605959835928,4.395518738534637,2.13784347028735,3,33,15,40.0,9,16,3.013682550933917,5.263121173116256,12,2,0,57.74,49.06,95.0,71.49,75.6,7.112737761550668,0.3005831087268138,2025-11-15T08:38:20.672960+00:00,31,San_Beda_20251115163820_31,1,68.36,58.0,49.0,95.0,76.0,71.0,68.0
San Beda,1633.641100499333,200.29035855499768,11.052030026875675,58.707682397337166,279,199,22,26,230,31,6.727119778536249,22,2,209,24,87,97.79158422890336,3.749509905581912,3,5,20,6,5,6,30.13517916704927,8,5,102.0,6,3,13.454587657324726,1.740907160806919,2.824649558985608,1.5638574454790026,3,24,19,54.0,7,15,1.9926691418689504,4.795671663311147,14,1,2,57.34,50.74,95.0,95.0,69.56,9.652011636704987,0.5999209411862768,2025-11-15T08:38:20.673283+00:00,32,San_Beda_20251115163820_32,1,65.5,57.0,51.0,95.0,70.0,95.0,66.0
San Beda,1599.23080710526,199.06350130545792,11.724541806752285,54.64513389484096,261,283,25,26,233,25,6.568404353604019,27,1,137,32,72,60.873357164456976,2.9605006475011737,4,4,20,7,6,5,44.368156015433,8,2,48.0,6,3,17.591986678850745,0.3969397957254914,5.3024885865237295,1.7044554257542095,6,29,15,66.0,7,11,3.611813429866988,4.359892250620039,14,1,2,59.87,51.36,54.8,82.46,70.63,5.661468791899099,0.8002791777552936,2025-11-15T08:38:20.673606+00:00,33,San_Beda_20251115163820_33,1,63.65,60.0,51.0,55.0,71.0,82.0,64.0
San Beda,1545.7278489580087,139.5268849062902,12.460104294171916,33.734113376483776,288,139,23,30,212,22,6.9262836015665945,21,0,153,23,52,91.16619675629497,3.33867686320102,3,3,18,8,5,7,16.911692295242712,9,5,85.0,4,2,14.509211206653976,1.0247033985774818,6.217529240945601,1.3022103936609133,8,32,6,49.0,6,19,4.35687591171061,5.41509715129561,18,0,1,56.45,51.76,89.36,67.97,69.77,6.837415020901842,0.7905171196819929,2025-11-15T08:38:20.674112+00:00,34,San_Beda_20251115163820_34,1,58.8,56.0,52.0,89.0,70.0,68.0,59.0
San Beda,1437.7870773718437,108.44490656643652,10.777017135508776,37.608080328373966,216,171,26,22,265,33,5.415149448441564,20,1,125,28,74,79.9894465059881,2.0167053646939976,3,4,14,6,6,5,27.288031932687907,8,5,72.0,7,3,10.130552653731558,0.4228730802652883,4.465192686423679,2.302981991899705,7,34,18,52.0,9,13,3.253606853404289,4.4956762998595226,15,1,1,48.1,37.33,79.24,88.49,71.62,7.617174663914862,0.8336107673953841,2025-11-15T08:38:20.674448+00:00,35,San_Beda_20251115163820_35,1,64.99,48.0,37.0,79.0,72.0,88.0,65.0
San Beda,1658.8921682320563,130.49306723227966,12.826216272506908,62.04526796733979,285,226,28,20,253,27,5.905723247105652,27,3,195,34,74,60.38418543818607,2.013813841900056,3,4,22,8,5,4,26.988203330101435,9,4,78.0,4,3,21.480275223470173,1.8439441561173504,3.520673006222868,1.6063537883391164,7,25,19,41.0,8,12,1.6324300044746924,4.35755840102562,13,1,2,60.1,40.82,62.96,95.0,67.29,6.689641057399458,0.7956211839504268,2025-11-15T08:38:20.674774+00:00,36,San_Beda_20251115163820_36,1,61.92,60.0,41.0,63.0,67.0,95.0,62.0
San Beda,1245.9904212993997,129.47540378496188,10.051194736046536,60.93740023177695,362,206,20,22,245,37,8.756243954071698,23,0,179,25,81,88.95072243881452,4.251902856327896,4,3,20,9,6,5,27.65245580765069,7,6,87.0,5,3,23.091065612062177,0.9454663431787628,3.614417160560346,1.8836207513425471,5,33,20,51.0,9,19,1.9841847652700468,5.06491883456204,21,1,1,54.57,55.22,89.15,94.91,68.28,6.784754437257559,1.0568920759482583,2025-11-15T08:38:20.675094+00:00,37,San_Beda_20251115163820_37,1,69.98,55.0,55.0,89.0,68.0,95.0,70.0
San Beda,1722.3234143533284,184.31348573656416,12.268890117644386,46.478211790604405,262,273,22,15,203,26,7.697541752921918,34,2,218,30,96,63.74064454220793,2.243096071783335,3,5,15,7,6,5,30.94866973197207,8,5,59.0,6,4,14.744138488406245,1.0816980168486676,5.329862641426821,2.254542817019192,7,32,20,57.0,6,14,3.034394396710032,4.792101560608264,14,1,1,62.09,56.91,73.75,95.0,70.82,7.477019741657379,0.7734343228090277,2025-11-15T08:38:20.675418+00:00,38,San_Beda_20251115163820_38,1,75.05,62.0,57.0,74.0,71.0,95.0,75.0
San Beda,1399.8019845209833,188.9861497677677,15.32860065621551,50.27152547379249,357,208,16,24,217,32,6.3822788482398405,21,0,174,26,73,98.35208588045884,2.9336620186416584,3,4,17,7,6,5,29.843329598214748,6,5,91.0,6,4,14.228064133756668,1.1132744200064268,4.744160294820434,1.0442677590748413,7,34,15,62.0,9,14,3.916787894682872,5.411826423475902,7,0,0,54.73,46.6,93.91,86.41,81.23,4.479423247792608,1.353625690364219,2025-11-15T08:38:20.675742+00:00,39,San_Beda_20251115163820_39,1,69.52,55.0,47.0,94.0,81.0,86.0,70.0
San Beda,1698.5372409949655,106.51871403694322,11.089029412038938,49.70929182295851,392,234,29,22,186,28,5.683196372086133,35,0,201,31,103,92.770263228882,3.6927886683052553,4,4,18,6,9,6,27.303114401314136,5,4,82.0,5,4,16.216262045141356,1.2345803122971932,5.749781232509823,1.4181998300149936,7,25,14,41.0,9,17,2.028056841182436,4.392363572080789,13,0,2,67.65,48.04,93.74,84.81,75.28,5.306488317341263,0.0,2025-11-15T08:38:20.676062+00:00,40,San_Beda_20251115163820_40,1,74.64,68.0,48.0,94.0,75.0,85.0,75.0
San Beda,1383.1067334641748,109.443561434321,10.122240654046294,36.278116538790414,292,268,14,20,190,32,8.704861953245837,26,1,141,24,78,78.72057907902425,3.2321785908994727,4,5,19,8,6,5,41.4558408525362,8,5,82.0,7,4,19.64390981600491,1.1497009826754403,3.750292259774416,1.7243675727740468,6,36,9,64.0,11,8,3.6439495835873337,4.734277164828711,12,1,0,58.07,40.06,73.11,68.68,73.01,7.870894624584834,1.2348689927118386,2025-11-15T08:38:20.676396+00:00,41,San_Beda_20251115163820_41,1,60.67,58.0,40.0,73.0,73.0,69.0,61.0
San Beda,1522.6050122915317,163.15592883759777,10.135958547234884,60.899522631827246,232,268,14,10,215,26,5.254550363454898,20,1,114,25,92,74.4506034186398,2.151065037381554,4,4,24,7,7,5,30.658991152274613,8,5,54.0,4,3,17.00450828980279,1.045574055492145,5.902461846249153,0.9430131185366346,7,28,19,55.0,8,15,3.482682776595793,5.087331396651036,22,1,0,50.6,53.1,71.21,87.61,68.02,6.596955779779514,1.0368551613114485,2025-11-15T08:38:20.676719+00:00,42,San_Beda_20251115163820_42,1,61.92,51.0,53.0,71.0,68.0,88.0,62.0
San Beda,1344.1175269414316,170.98729538344776,10.518863878702591,43.50282246726501,287,199,24,21,247,18,8.05741510640216,22,3,215,16,108,87.10642847667097,2.0267958003744737,3,5,23,9,5,6,25.170287635683827,8,6,68.0,5,4,21.11454897290074,0.8530315224873781,5.795567353034827,1.5073574468407651,5,26,16,55.0,9,15,4.383804877451782,5.841639388722435,13,1,0,57.23,57.67,91.1,95.0,71.37,6.743888657562686,0.8743927817615247,2025-11-15T08:38:20.677043+00:00,43,San_Beda_20251115163820_43,1,74.85,57.0,58.0,91.0,71.0,95.0,75.0
San Beda,2154.073298305555,140.0747556032647,10.0,34.439155571489465,341,282,19,19,269,29,6.768530604109887,24,1,161,27,88,70.52622347467242,3.549801366407596,3,3,10,7,7,6,36.4999357046914,7,6,70.0,6,3,23.907275402667125,1.4848702822845818,5.71442989748271,2.013116811908063,7,29,16,48.0,8,13,3.9030432834105953,4.7019725142887765,19,1,0,61.24,44.72,60.72,75.23,68.1,6.873201072411638,0.4853662696177889,2025-11-15T08:38:20.677363+00:00,44,San_Beda_20251115163820_44,1,64.73,61.0,45.0,61.0,68.0,75.0,65.0
San Beda,820.1384874897972,129.8516567999401,10.044469120089031,52.95668379750492,219,292,25,28,219,25,6.617650594511455,20,0,195,24,77,64.22790220305097,2.976401224493514,3,4,20,7,8,7,23.44807436442282,7,3,90.0,4,4,15.077052768723116,1.122247155842601,4.891684634093124,1.2549153668584578,7,28,17,50.0,8,20,3.8523614881553128,4.715298497316289,16,1,2,56.14,41.8,59.86,91.22,63.96,7.927356325799878,0.7380110854384995,2025-11-15T08:38:20.677771+00:00,45,San_Beda_20251115163820_45,1,61.65,56.0,42.0,60.0,64.0,91.0,62.0
San Beda,925.820415647867,154.32273683075056,10.0,43.599837869222966,186,200,22,13,155,28,7.537501691534353,20,1,196,32,39,79.8257918120777,3.459816069337565,3,3,20,7,6,5,25.609393147102644,5,5,66.0,4,3,20.727134353811568,0.919636525124273,5.057765893159633,1.8361649713712245,6,30,14,56.0,9,16,3.078177174262683,5.126068009178371,22,1,3,53.21,52.5,83.03,81.59,61.33,7.1192192277591335,0.4737182596986746,2025-11-15T08:38:20.678108+00:00,46,San_Beda_20251115163820_46,1,62.82,53.0,52.0,83.0,61.0,82.0,63.0
San Beda,1182.4663031418256,221.94632872373515,12.433850794342206,27.163206023963813,256,216,26,21,233,26,6.6267377138724015,21,0,189,28,69,62.002842746847634,2.7345647020155712,3,4,17,5,6,5,26.50915290455493,6,6,82.0,5,2,25.223681287787784,1.4587499924367502,5.501505641141156,2.082462404334912,7,20,15,71.0,10,12,3.2174673689118856,5.15334661157869,16,1,1,49.82,44.33,61.28,95.0,66.45,6.118086857885238,0.9341058133733096,2025-11-15T08:38:20.678449+00:00,47,San_Beda_20251115163820_47,1,63.26,50.0,44.0,61.0,66.0,95.0,63.0
San Beda,997.9048570064192,205.4018465586657,11.717446898826848,44.55622031332847,336,185,25,22,206,16,6.571662350539319,23,0,233,28,95,101.98394408532916,3.3503298930498904,3,2,20,7,5,4,16.336773188336934,5,5,61.0,5,3,23.0088027176213,0.4023837650316224,5.632399785903798,1.3557778801791054,6,6,13,49.0,7,12,2.265893214555094,5.8341715249621,15,1,1,50.81,56.62,95.0,95.0,63.87,8.103893114653951,0.2987726972444862,2025-11-15T08:38:20.678728+00:00,48,San_Beda_20251115163820_48,1,75.42,51.0,57.0,95.0,64.0,95.0,75.0
San Beda,1553.3068466266905,134.018273859777,11.221159356593615,51.056480004876974,301,251,20,26,232,34,5.7709337934206655,24,2,146,34,92,60.70251356963773,2.543893247107322,3,3,17,7,6,6,43.67492248801855,9,7,94.0,3,3,22.816952560944102,1.4100917036437592,6.910167050585098,2.0912504628406867,6,38,18,40.0,7,14,2.876603680250034,2.748910706579565,12,1,0,57.94,56.33,51.37,82.02,75.73,7.942787162730349,0.580679491028592,2025-11-15T08:38:20.678972+00:00,49,San_Beda_20251115163820_49,1,61.26,58.0,56.0,51.0,76.0,82.0,61.0
San Beda,1582.2132001598427,127.0692919479003,10.0,50.03670452015197,306,242,20,21,233,24,4.048594384036547,26,0,175,20,97,81.04764673441265,2.274971018133538,2,5,24,7,7,5,28.430870173314496,6,5,66.0,5,3,18.8375060488842,1.1010455578132003,4.202688461339482,2.2369284194883066,6,37,15,54.0,6,18,2.4974188740279155,4.747880280965569,19,1,1,62.05,45.84,75.45,71.45,68.24,5.4135990489245325,1.054403449094315,2025-11-15T08:38:20.679305+00:00,50,San_Beda_20251115163820_50,1,57.04,62.0,46.0,75.0,68.0,71.0,57.0
San Beda,1941.0,324.0,16.69,58.89,289,233,11,45,220,25,17.0,27,0,164,26,99,80.62,1.0,0,3,13,7,5,1,32.0,6,4,66.67,11,27,3.0,2.0,66.67,1.0,0,24,21,87.5,12,6,2.0,2.0,14,2,0,8.0,6.07,7.23,7.38,6.14,6.96,1.0,2025-11-15T08:38:35.385208+00:00,51,San_Beda_20251115163835_51,0,,,,,,,
San Beda,1416.0,126.0,8.9,54.693,244,202,14,28,183,35,5.0,18,0,144,15,85,82.79,0.0,3,0,5,1,4,0,4.0,4,4,100.0,18,61,1.0,0.0,0.0,3.0,4,44,38,86.36,26,13,2.0,3.0,8,0,0,5.48,6.52,7.08,6.85,7.04,6.59,0.0,2025-11-15T08:38:49.264682+00:00,52,San_Beda_20251115163849_52,0,,,,,,,
San Beda,1476.0,159.0,10.77,52.027,272,227,23,22,215,27,7.0,23,0,169,26,77,83.46,3.0,3,4,18,7,6,5,30.0,7,5,71.43,5,3,19.0,1.0,5.26,2.0,6,31,16,51.61,8,15,3.0,5.0,15,1,0,6.43,6.23,7.38,6.84,6.11,6.6,0.5,2025-11-15T08:39:11.776643+00:00,53,San_Beda_20251115163911_53,0,,,,,,,
San Beda,1941.0,324.0,16.69,58.89,289,233,11,45,220,25,17.0,27,0,164,26,99,80.62,1.0,0,3,13,7,5,1,32.0,6,4,66.67,11,27,3.0,2.0,66.67,1.0,0,24,21,87.5,12,6,2.0,2.0,14,2,0,8.0,6.07,7.23,7.38,6.14,6.96,1.0,2025-11-15T08:39:29.196669+00:00,54,San_Beda_20251115163929_54,0,,,,,,,
San Beda,1416.0,126.0,8.9,54.693,244,202,14,28,183,35,5.0,18,0,144,15,85,82.79,0.0,3,0,5,1,4,0,4.0,4,4,100.0,18,61,1.0,0.0,0.0,3.0,4,44,38,86.36,26,13,2.0,3.0,8,0,0,5.48,6.52,7.08,6.85,7.04,6.59,0.0,2025-11-15T08:39:56.447912+00:00,55,San_Beda_20251115163956_55,0,,,,,,,
San Beda,1416.0,126.0,8.9,54.693,244,202,14,28,183,35,5.0,18,0,144,15,85,82.79,0.0,3,0,5,1,4,0,4.0,4,4,100.0,18,61,1.0,0.0,0.0,3.0,4,44,38,86.36,26,13,2.0,3.0,8,0,0,5.48,6.52,7.08,6.85,7.04,6.59,0.0,2025-11-15T08:40:08.626887+00:00,56,San_Beda_20251115164008_56,0,,,,,,,
San Beda,1190.3520836738144,155.41181710820388,15.7557518491196,49.25209368468664,216,195,13,16,148,31,5.057849945989825,18,2,166,15,87,89.42962615161322,0.7094474116502756,3,1,5,2,4,1,3.857574162629599,3,3,107.0,22,62,1.3137498793732423,0.6012167468362698,1.220153511094536,3.6836175457500677,3,51,34,103.0,17,12,1.8820441871248863,3.4694785611233425,9,0,1,52.74,58.79,83.53,90.62,77.56,6.877816037352879,0.03547889270597457,2025-11-15T08:40:08.627860+00:00,56,San_Beda_20251115164008_56,1,66.45,,,,,,
San Beda,1805.9359300739548,107.02195807631438,10.0,78.38540449542649,269,166,13,26,130,33,5.904010838577283,13,0,204,15,100,72.29025223503271,0.44011499843745483,2,0,4,1,5,1,4.504047353346958,4,3,77.0,24,77,0.7668312025492631,0.5766080769900647,0.964313128598232,3.303189691424903,4,31,48,108.0,26,13,2.036073923458396,2.8864651909779235,10,2,0,53.05,58.78,69.55,95.0,76.85,6.745907594863734,0.6043722839010518,2025-11-15T08:40:08.628154+00:00,57,San_Beda_20251115164008_57,1,64.91,,,,,,
San Beda,1585.0504626540571,144.05007900373528,12.311206672612974,65.49736624001466,197,127,17,36,170,31,4.56484419263779,18,2,160,15,85,81.21007911566845,1.108502179647787,3,1,5,1,3,1,3.7352666797905307,4,5,76.0,23,47,0.8104143600193239,1.0527410821691006,0.7349678798790656,2.5462705557343024,3,41,34,82.0,26,9,2.5291133507377612,3.225670040163301,9,2,1,44.18,52.81,81.96,95.0,71.78,7.524324937725415,0.8181225608931199,2025-11-15T08:40:08.628409+00:00,58,San_Beda_20251115164008_58,1,64.15,,,,,,
San Beda,1492.6367584488935,137.25247247087054,10.041862517863297,56.195407271095576,265,196,15,21,275,33,5.887338996688359,19,1,100,16,61,72.50690267600409,0.3519788250452203,3,2,4,1,4,1,3.869490781066775,4,5,112.0,22,69,0.2637538922936298,0.4805583664695338,0.8263034877025287,3.0168998617567144,5,62,34,119.0,26,15,2.1183923367977515,2.7679880136061774,6,0,1,52.71,64.28,69.64,90.17,74.92,5.359280112343825,1.3026238635539573,2025-11-15T08:40:08.628686+00:00,59,San_Beda_20251115164008_59,1,69.24,,,,,,
San Beda,1237.0876574242172,129.73030329599257,10.0,52.860106973448644,241,220,18,23,298,40,5.271519005861724,18,1,143,16,80,66.43252569887284,0.2765223826916821,3,1,5,2,3,1,3.9259018441061353,5,5,85.0,21,56,1.410037255267656,0.5389643799962981,1.1507261027814415,3.348314100766289,5,44,30,73.0,39,13,1.3151321398361502,4.548207371164054,10,1,0,49.51,60.47,64.02,91.77,75.61,7.646055513612597,1.6602731260263839,2025-11-15T08:40:08.628939+00:00,60,San_Beda_20251115164008_60,1,67.84,,,,,,
San Beda,883.8866124044074,156.22037832208213,10.0,47.76566339101752,285,184,9,30,85,32,5.766975436121062,13,1,126,18,88,84.60091149505068,0.7623502117643599,4,1,4,1,4,1,2.206715908885588,3,2,136.0,17,52,1.7010906341885628,0.23285899812122246,1.0702131604216494,2.6838476814546417,4,49,35,104.0,30,14,2.531884785033182,2.686557746603193,6,1,1,43.93,47.52,87.85,95.0,70.09,6.812570450957413,0.1214058096649174,2025-11-15T08:40:08.629160+00:00,61,San_Beda_20251115164008_61,1,67.5,,,,,,
San Beda,1846.085822684414,143.50856965717406,10.671129444235357,42.51490826867767,170,267,10,35,239,28,4.261000466051483,18,0,122,15,69,92.33884691458803,0.12142510055006805,2,0,6,1,5,1,3.1135007927318035,4,4,116.0,17,70,0.21792237547656912,0.3664266510184044,0.5865559002315914,3.2153801766469035,4,36,40,90.0,24,17,2.5429996190526793,3.1855279406786163,7,1,1,50.0,57.81,95.0,95.0,73.47,7.508343969075485,0.5214378535565596,2025-11-15T08:40:08.629669+00:00,62,San_Beda_20251115164008_62,1,72.42,,,,,,
San Beda,1608.4693967750181,166.84013724260438,10.0,58.07709003263362,287,183,14,26,180,33,5.165337421539717,16,3,146,19,67,78.45157652292579,1.144224309506933,4,1,6,1,4,1,4.016785966892325,5,4,83.0,29,75,1.3420189817522286,1.7335105607998407,0.4858128741015113,3.6285840550655495,3,35,32,73.0,24,13,1.7194335026846927,2.341647861639682,9,1,1,54.53,57.62,81.99,95.0,71.15,5.178001549968845,2.433093854567925,2025-11-15T08:40:08.629934+00:00,63,San_Beda_20251115164008_63,1,68.95,,,,,,
San Beda,1538.4116503140876,104.2379630479771,10.0,41.914582558455166,232,215,13,36,177,35,5.82345485723892,16,0,161,18,87,73.52454872016796,0.8180580118086889,4,2,5,0,4,0,4.551012836758097,4,4,112.0,21,66,0.0,0.6390197838457791,1.049505890492246,3.306859326317909,5,40,52,79.0,29,13,1.8825049668340446,2.704101649545736,4,1,1,46.1,55.39,66.91,95.0,73.73,8.461431871008108,0.3253678490969392,2025-11-15T08:40:08.630195+00:00,64,San_Beda_20251115164008_64,1,61.59,,,,,,
San Beda,1415.6804079799317,180.84268445165787,10.0,65.9642202971507,233,170,14,32,134,29,4.722228294986957,18,1,110,15,86,97.2710830239646,0.10877102162553585,2,0,5,1,5,1,3.705702121868782,4,3,132.0,20,62,1.9134640061634185,1.5634050236481751,2.1012430304354726,2.7864367827776726,4,43,26,66.0,28,6,2.4078359115475436,2.634850678519519,5,0,1,50.84,49.85,91.35,94.87,77.07,6.840764491870819,0.08981040175441,2025-11-15T08:40:08.630497+00:00,65,San_Beda_20251115164008_65,1,71.48,,,,,,
San Beda,1984.367954020334,145.25081606395045,11.041114012664824,66.12465787181554,264,230,15,29,169,26,4.720559758935247,22,1,109,16,114,83.43199364625077,1.237180965744192,3,1,5,2,4,0,3.403924869783773,6,4,108.0,14,63,0.6757338637071144,0.7250251034809772,1.0969714347464692,2.510109670153127,5,47,43,79.0,24,14,2.2001659440808865,2.7179431824126854,5,1,0,47.94,49.22,82.97,95.0,83.68,9.95949635342048,0.2165309883147908,2025-11-15T08:40:08.630772+00:00,66,San_Beda_20251115164008_66,1,69.66,,,,,,
San Beda,1252.0289998561248,128.9420573812567,10.0,44.32402689572671,252,183,18,21,182,32,3.4924753794046555,12,1,119,19,102,67.68065668187673,1.2245781382473568,2,1,6,1,3,0,3.8693707817865186,4,4,114.0,15,53,1.1897433224881144,1.0919127136330786,0.5085507999681037,4.292232463349578,3,60,35,85.0,21,12,2.2073271926483526,2.7877080029470713,6,0,1,44.84,53.79,74.84,95.0,75.2,9.868870825318131,0.755179910685756,2025-11-15T08:40:08.631026+00:00,67,San_Beda_20251115164008_67,1,72.37,,,,,,
San Beda,2041.916856681912,99.86076197070567,10.0,48.54360039105031,213,279,12,39,149,43,4.782089665669696,23,1,156,19,94,89.78047384386983,0.6459874416634327,2,1,6,1,4,1,4.59647809612609,3,2,79.0,24,56,1.530234453068922,0.10807371305155228,1.4670651075944074,2.5301399430445417,3,44,50,88.0,25,12,1.9539096076528377,3.7229368988469576,9,1,0,57.74,52.52,89.78,95.0,79.03,4.905594822360678,0.035317234061153426,2025-11-15T08:40:08.631233+00:00,68,San_Beda_20251115164008_68,1,66.87,,,,,,
San Beda,1626.5315734435283,91.63917890628898,10.0,46.863490691517036,221,198,15,23,143,37,6.977614640658805,18,1,116,22,115,68.84722813831391,0.057486752936519524,3,1,4,1,4,2,2.6856831153793275,5,3,117.0,20,58,1.5075883898434261,1.4432089866566036,0.18729269808412272,2.4688195297439246,5,43,44,87.0,35,13,1.4939938841828755,3.8763638063746755,7,0,1,43.35,59.69,68.47,95.0,70.15,7.684328464525424,0.6806773204619045,2025-11-15T08:40:08.631437+00:00,69,San_Beda_20251115164008_69,1,70.31,,,,,,
San Beda,1424.8894524572863,126.24521632079097,10.0,44.81739128902112,308,189,13,23,185,42,4.5864374782260215,23,1,118,16,84,79.44776081406343,1.0386730680337866,3,2,3,1,4,0,5.253266019549614,4,4,52.0,18,62,0.5635252510487989,0.21200264022545706,1.257267437994921,3.1677686964480336,4,38,31,93.0,26,15,2.612988118890022,1.7034346720411142,8,0,0,56.49,61.98,84.92,95.0,78.39,7.347169816102011,1.2294790906035986,2025-11-15T08:40:08.631678+00:00,70,San_Beda_20251115164008_70,1,77.39,,,,,,
San Beda,1630.4406023913305,131.84772499079355,10.0,54.68541500212134,195,187,12,24,151,23,3.209585543645864,18,1,159,16,93,86.80458382886489,0.6758440045224968,4,0,5,0,5,2,4.801789923445078,4,4,106.0,21,76,0.9278208656903896,0.0690534355306815,1.1217385066099403,2.491184239377105,4,53,43,81.0,21,7,1.624905251879778,3.1022362982477936,7,2,0,50.05,56.13,88.4,95.0,75.02,6.695903117679257,0.47567535838357194,2025-11-15T08:40:08.631921+00:00,71,San_Beda_20251115164008_71,1,72.08,,,,,,
San Beda,1476.203107407175,93.5178891046738,10.0,57.97396185247362,240,218,16,28,147,27,4.591684937787191,22,1,136,12,98,88.4094456044106,0.16611272706673302,4,1,5,1,3,0,2.6789086323777527,3,4,114.0,20,71,0.7728813358236097,0.16350324962663623,1.156207927340768,3.0044845787877095,4,51,49,62.0,20,21,2.732834998488318,3.2812070874374633,5,0,2,56.59,61.12,85.49,95.0,76.42,6.872829584448255,0.10641375320941493,2025-11-15T08:40:08.632133+00:00,72,San_Beda_20251115164008_72,1,74.97,,,,,,
San Beda,1813.810011880274,107.55102712894247,10.0,52.824190871142065,232,183,6,20,152,35,4.7931734758014155,14,1,148,9,84,109.72652888093211,0.13030761472416144,4,1,6,1,4,0,3.2682071521400347,3,5,120.0,25,72,1.0554408738423282,0.010004586419597344,0.19146657336283399,2.9340377566198947,4,49,37,72.0,28,13,2.379405975555455,3.1116725659591444,9,0,0,55.39,57.15,95.0,95.0,75.53,6.515020953978108,0.06550110678717068,2025-11-15T08:40:08.632359+00:00,73,San_Beda_20251115164008_73,1,73.78,,,,,,
San Beda,1224.39850771487,114.74636013023144,10.0,57.92697752360893,163,207,11,23,219,32,3.7761373161760874,17,3,129,12,105,58.00626244330826,2.0137072210776283,2,0,6,1,6,0,3.30503091521028,2,4,72.0,19,76,1.8026320649224918,0.9930233287495953,0.36654672460492443,2.834835398592941,3,31,45,99.0,27,14,1.2707943932597088,2.624064188907485,9,1,3,45.84,57.54,61.76,95.0,66.12,5.537181512860582,1.7293274735225934,2025-11-15T08:40:08.632616+00:00,74,San_Beda_20251115164008_74,1,65.28,,,,,,
San Beda,1517.2532429649643,106.32144300639823,10.0,37.173395561127265,234,222,19,27,181,41,3.881666291339508,17,3,154,13,77,102.40266828549069,0.7753441291345929,4,1,6,1,4,0,4.495700799921998,4,5,99.0,15,76,0.7146547409609059,0.8954754850923223,0.15198044450197404,2.356313114504864,4,40,41,55.0,27,12,2.1584932673719104,2.305063263963593,11,1,1,52.33,54.52,95.0,95.0,74.13,8.11308388379311,2.172297984859609,2025-11-15T08:40:08.632848+00:00,75,San_Beda_20251115164008_75,1,73.15,,,,,,
San Beda,1842.9914683387078,145.80019102341038,10.0,61.56736626653321,181,178,18,35,194,37,4.725586906226468,17,1,154,13,68,77.82875695226676,0.14410030569492657,2,1,4,2,3,1,5.678607942469642,4,4,90.0,18,67,1.434456602180493,1.6453951622101712,1.138704801992387,2.54290231576685,6,56,34,96.0,26,14,1.0834197746318592,3.5124797538026877,11,0,2,43.73,53.78,83.35,88.46,70.44,5.47740676877786,2.8943970206083316,2025-11-15T08:40:08.633062+00:00,76,San_Beda_20251115164008_76,1,65.04,,,,,,
San Beda,1512.6122049325202,178.7978649020875,10.0,49.585250587597365,250,188,16,27,189,34,5.801661221722662,14,1,69,19,89,105.37520542527639,0.22382334811756072,2,1,5,1,5,1,4.383176420969704,5,5,90.0,18,51,1.240336299297066,0.40526410969963,0.5627714335372977,2.1600309306194507,4,41,36,81.0,37,9,1.656966603415457,2.4457455403594976,7,0,1,50.89,55.12,95.0,95.0,70.55,7.525706152040402,1.0183817905811021,2025-11-15T08:40:08.633272+00:00,77,San_Beda_20251115164008_77,1,74.39,,,,,,
San Beda,1157.2447082991664,147.66363448409612,10.0,42.58204666533113,267,248,11,27,285,30,4.425519430412908,19,1,133,15,86,77.54474456195993,0.2579606882207847,3,1,4,1,3,3,4.7539174234343795,4,4,92.0,15,79,1.3347524261893189,1.7651687047526607,2.531507663553169,2.8479782796146864,4,46,48,85.0,23,14,1.8107239490037743,2.8060078642736617,9,0,0,49.39,54.45,74.14,95.0,74.11,6.287365232423,1.428016581805898,2025-11-15T08:40:08.633476+00:00,78,San_Beda_20251115164008_78,1,73.92,,,,,,
San Beda,1553.7554554227754,133.98011787322196,10.0,53.14039560017829,241,212,12,34,196,39,4.968227644665649,18,0,129,17,86,100.50256427368119,0.27408847706508516,4,0,4,1,4,0,4.38308148300235,3,4,99.0,19,57,0.6403493069187376,0.7133991324825332,0.26406433491058867,2.794538016322516,4,57,48,98.0,30,9,1.410485791155262,3.619795915132845,7,1,2,58.45,48.88,95.0,95.0,71.55,5.292325843330593,0.27637375237662853,2025-11-15T08:40:08.633704+00:00,79,San_Beda_20251115164008_79,1,72.81,,,,,,
San Beda,1140.0059222070067,129.4585785055289,10.865577859879362,66.63644985476324,203,201,12,35,219,31,3.1725496123623964,10,0,115,12,73,87.94855899514928,0.7628016623411017,4,2,6,1,5,1,3.9648051814985776,5,5,105.0,20,71,1.6961843841632427,0.36919656129320766,0.46749336266341635,3.925431301606464,4,63,33,115.0,34,10,1.4743015743314118,2.6792010132373725,7,0,1,54.48,57.87,85.8,84.8,73.79,7.380996721403441,0.17020818171823723,2025-11-15T08:40:08.633908+00:00,80,San_Beda_20251115164008_80,1,70.43,,,,,,
San Beda,1334.720333503922,134.17549326323396,10.0,55.2153315239804,195,181,14,30,210,31,5.350115354622927,19,1,115,17,101,95.24352334660112,2.320556971476467,3,0,6,1,4,0,4.4745229170113365,3,4,105.0,16,72,1.4192415406252339,0.9220673868264511,1.1262711733702233,3.158273095596827,4,40,41,88.0,33,19,1.9259462160432868,2.927647739102486,6,1,1,56.49,52.0,95.0,95.0,72.37,6.408563859676882,0.05126752568135816,2025-11-15T08:40:08.634110+00:00,81,San_Beda_20251115164008_81,1,78.76,,,,,,
San Beda,1253.796938484808,106.89126564118529,10.249006879369388,65.31751734827108,246,240,13,28,220,40,5.301425865623715,19,0,152,19,70,78.71736457114042,1.313348047788027,4,1,4,1,6,1,2.318038558737944,4,5,67.0,16,37,0.5208704400079076,0.18089430849474605,1.9466594570465086,3.631483175120877,4,58,40,75.0,20,8,1.8474404850465878,2.7979663929967753,5,1,2,48.33,43.94,78.62,95.0,71.55,9.011399521175825,0.6997835308886294,2025-11-15T08:40:08.634318+00:00,82,San_Beda_20251115164008_82,1,60.54,,,,,,
San Beda,1652.9099801333016,127.76044653031266,10.0,44.96380210007584,197,261,14,15,166,37,4.877342238878927,18,0,126,18,87,76.96320965399687,1.2521726999715723,3,0,5,1,4,0,3.462629013931362,2,4,118.0,17,59,0.8390851799748644,0.7794541204188118,0.4496150526450472,2.6478884153056432,4,51,39,89.0,28,13,1.7873872085489577,3.430991179522381,8,0,1,59.68,60.09,73.3,95.0,74.6,6.98952602951576,0.2619994454145648,2025-11-15T08:40:08.634520+00:00,83,San_Beda_20251115164008_83,1,70.38,,,,,,
San Beda,1301.2029443998513,130.3015792264097,10.432935299938423,47.264706927075565,149,250,16,33,226,38,4.799460489413512,19,1,166,14,64,87.66693305146265,0.021331134212415753,3,0,6,1,6,3,4.287075154209534,5,3,136.0,23,65,1.2933899659870334,0.7541701631558787,0.9047227078460522,2.90951897269468,4,26,36,80.0,35,13,2.8417947806970054,2.9964406803656343,7,1,0,37.76,59.62,86.46,95.0,73.39,4.947750969319127,0.16221188715783386,2025-11-15T08:40:08.634722+00:00,84,San_Beda_20251115164008_84,1,70.4,,,,,,
San Beda,1616.7162068274656,93.97381137116562,10.0,76.92186784102088,187,189,17,36,207,34,5.127863797408428,22,0,132,13,101,47.08384420773188,2.6799795425077377,3,1,3,1,3,1,4.635687448572578,4,2,91.0,17,42,0.577272567746806,1.206348546125917,2.0442195897713598,3.1513707698303177,4,63,35,109.0,33,13,2.6012128341059415,2.828259464902022,5,1,0,49.69,56.45,45.83,88.75,76.22,4.4188740466395755,1.517130729149926,2025-11-15T08:40:08.635002+00:00,85,San_Beda_20251115164008_85,1,67.88,,,,,,
San Beda,1624.3682326746043,185.79721096997503,10.0,57.96586672578715,199,151,13,22,112,26,4.2178425454320365,15,1,97,13,88,89.90955232265155,0.32713417278267687,2,1,6,2,3,1,4.796839102828841,3,4,70.0,22,47,0.0,1.2221576771184361,0.22663501135573744,2.467519333173948,3,42,29,88.0,21,13,2.009802778325666,3.1993428934635584,7,0,0,57.14,56.12,92.03,95.0,71.88,6.9643945068782225,0.8768139952633577,2025-11-15T08:40:08.635420+00:00,86,San_Beda_20251115164008_86,1,70.07,,,,,,
San Beda,1388.5537789843374,166.52101902765207,10.0,59.868692911115865,239,235,14,25,159,32,4.842358474586078,18,1,111,13,64,87.7475333459971,1.9630250360070867,3,1,3,1,3,0,3.5120504306056723,4,5,103.0,17,60,1.0267238070818556,0.11161410903018479,1.6911096978166917,2.933011123643701,4,25,37,85.0,34,15,1.6719223072211968,2.3349114049252586,7,1,1,40.98,58.63,92.93,95.0,72.38,8.664392082275528,0.7089179751383561,2025-11-15T08:40:08.635688+00:00,87,San_Beda_20251115164008_87,1,73.14,,,,,,
San Beda,1493.455499476364,109.03666820454043,10.0,58.81405331076489,258,261,17,16,192,39,5.215495250307449,16,1,129,12,109,76.52085674678918,1.080786305976359,3,0,5,2,5,0,5.502227196798315,6,4,172.0,23,51,1.0408298644059966,0.1839397469030984,0.4981508446425156,2.76649739589253,4,77,36,107.0,25,17,2.2164586571629754,3.8372338496679443,7,1,0,50.03,52.13,71.15,81.57,77.71,8.63392296303754,1.2234667232205405,2025-11-15T08:40:08.635944+00:00,88,San_Beda_20251115164008_88,1,62.2,,,,,,
San Beda,1229.3624917872298,170.5954093104093,10.0,40.27016163170575,252,179,16,23,192,31,5.058277470017216,18,0,138,13,95,85.49602365750624,0.45746243537982695,3,1,6,2,3,0,3.3034999282018687,5,4,86.0,25,68,0.7278285604370546,0.09197014508228099,0.208623018682739,2.874005183390906,4,54,45,96.0,23,18,1.5059805220119749,3.338787216791555,9,0,1,55.56,55.77,89.18,95.0,76.96,6.437347426925821,0.4071066853708721,2025-11-15T08:40:08.636209+00:00,89,San_Beda_20251115164008_89,1,66.68,,,,,,
San Beda,1147.5398909278695,127.37390861369897,10.0,35.935491648213116,297,209,13,37,167,33,5.431591265732733,17,3,151,16,92,47.241925767466896,0.6860111222493072,3,2,6,1,4,1,4.310852073914261,4,3,84.0,13,54,0.48045067712182243,1.6772974372851899,1.7287726390680187,3.217580675421592,3,54,42,100.0,22,12,2.0954806913675994,3.2744355115482895,10,2,1,57.92,55.91,43.94,95.0,71.12,5.971136083550873,0.3521821133745356,2025-11-15T08:40:08.636708+00:00,90,San_Beda_20251115164008_90,1,61.56,,,,,,
San Beda,1667.4545674790731,141.62337397607735,10.0,59.33711697985943,224,159,10,32,224,29,4.315408941584585,26,0,117,16,121,98.37542593238332,0.7205156390950043,3,1,5,1,3,1,3.3866916326634393,5,5,102.0,17,66,0.13531754323624479,1.0186943609007355,2.483837044700541,3.0908996642886537,5,64,43,80.0,28,17,2.0844699783885425,2.291999223594612,9,1,1,51.78,51.11,95.0,95.0,75.93,6.135037690060152,0.4400478902004519,2025-11-15T08:40:08.637018+00:00,91,San_Beda_20251115164008_91,1,74.02,,,,,,
San Beda,1481.4878075659897,104.33903113174219,10.0,51.51142831526478,201,203,14,34,161,35,4.168426464230641,14,0,135,17,64,59.359379855729436,1.4566232142336353,4,1,6,1,3,0,2.3739645397806934,4,3,88.0,13,51,0.7217036405176435,1.3213960205568651,0.09495409417868377,2.482395781356909,3,50,49,95.0,22,8,1.8081951760402857,3.557541244722502,9,0,1,59.69,63.21,61.9,95.0,72.35,6.352942580565482,0.24252507359880213,2025-11-15T08:40:08.637363+00:00,92,San_Beda_20251115164008_92,1,72.36,,,,,,
San Beda,1663.7232467796184,124.4911022402423,10.0,35.98642356280842,254,257,13,19,237,40,4.161994404374916,26,0,166,11,111,71.84362158072318,1.8063486512611506,3,0,6,0,4,0,5.3453393290907005,5,4,88.0,20,60,1.5266377069473867,0.7029514031150252,0.4707628253875752,2.7103411126398025,5,32,54,106.0,27,11,1.7911609054733675,2.1497966776873714,8,0,2,52.64,59.28,73.84,95.0,67.64,8.253040321792989,0.15831397293868185,2025-11-15T08:40:08.637969+00:00,93,San_Beda_20251115164008_93,1,69.29,,,,,,
San Beda,1558.0758552479895,113.9233778608426,10.0,66.63688093654778,232,242,16,27,167,38,3.5346501696973136,15,1,169,14,61,70.17356673956543,0.09623131667103296,3,1,6,1,2,1,5.257079169735473,4,5,75.0,20,49,1.277740594089695,0.5459883236860815,0.8801377160262999,3.488439093672036,5,44,33,77.0,28,17,2.9296254974384097,3.015325132529057,8,1,0,48.19,52.67,71.23,95.0,70.0,7.207351338146667,0.10321608344189324,2025-11-15T08:40:08.638487+00:00,94,San_Beda_20251115164008_94,1,68.33,,,,,,
San Beda,1223.1118961770937,118.9578027133814,10.718548305497826,64.47884018951069,243,148,13,31,175,40,7.81501674556768,16,4,131,15,65,100.48945646720934,0.30728750733567606,4,1,5,1,5,0,4.391704412040931,4,5,118.0,12,61,1.0726797569936837,0.24873543519095698,1.7160461681481174,3.3056008379657387,4,48,33,86.0,21,12,1.4117698705217705,3.4440872615947136,9,1,0,54.03,59.43,95.0,92.03,80.01,6.305033568315602,2.0506378666720977,2025-11-15T08:40:08.638946+00:00,95,San_Beda_20251115164008_95,1,75.14,,,,,,
San Beda,1964.8216062728864,147.5418099011981,10.0,40.66984484487246,203,157,15,17,181,34,3.8473773864467775,21,0,132,15,76,81.42263229425905,1.5471367910112177,3,1,5,0,4,1,4.428135193095659,5,5,113.0,13,66,0.637165839949807,1.4297114670180204,1.630068284419216,2.806791106716633,4,56,40,79.0,32,14,0.9852246391889468,3.4663625725135634,8,1,0,51.25,62.28,84.03,91.14,76.56,4.650803723654449,0.1828315326849614,2025-11-15T08:40:08.639509+00:00,96,San_Beda_20251115164008_96,1,66.94,,,,,,
San Beda,1217.3745957086028,87.77068587247167,10.0,45.45884272551399,248,226,9,26,104,40,6.905973820431594,22,0,113,17,86,83.09550567484072,0.5998160628149198,3,1,5,0,5,1,2.4977878946382512,4,4,105.0,11,66,0.5862225243321855,0.7406615522560608,1.7668824939042431,3.1334544339948263,3,30,27,85.0,16,7,1.9713283460587145,3.1556794986942593,8,1,1,52.04,52.98,80.17,95.0,74.16,6.609843329769413,1.2819287405818107,2025-11-15T08:40:08.639886+00:00,97,San_Beda_20251115164008_97,1,71.76,,,,,,
San Beda,1263.8811767084192,133.27938201592607,10.0,47.76426998427458,266,177,14,25,65,44,4.52277342297171,20,1,170,16,76,73.03697984710618,0.03791041726082428,2,0,6,1,3,2,2.912522653093612,4,3,103.0,16,54,1.6908557681181766,0.3963909556571094,1.4430740725962699,3.0124563478900437,3,51,42,45.0,28,12,1.4755438674158474,2.6064192427916484,6,0,1,52.06,54.24,76.75,95.0,73.07,8.224535384658916,0.37235417591228565,2025-11-15T08:40:08.640259+00:00,98,San_Beda_20251115164008_98,1,66.8,,,,,,
San Beda,1730.9916762620273,73.66488970315348,10.0,50.31929211220755,253,254,15,38,167,41,5.139445135080535,15,1,139,14,104,92.617016444624,0.7871166977180369,3,0,5,1,4,1,3.1069352589812826,5,3,69.0,20,52,0.4738947922112634,1.2446824902037712,1.3228137022597777,2.440560231956487,4,43,46,96.0,28,15,2.833105447046184,3.3985852407679973,7,0,1,50.57,52.75,95.0,95.0,69.71,5.265695167373168,1.4879473451485188,2025-11-15T08:40:08.640590+00:00,99,San_Beda_20251115164008_99,1,70.41,,,,,,
San Beda,1576.7598796381915,103.63273075166656,10.0,48.205145734183255,238,202,22,16,179,32,3.8198797992011055,14,0,158,14,80,69.89499060143656,1.0432422375781019,4,1,4,1,3,0,4.070893129958452,5,3,88.0,16,60,0.8586165576677007,0.3910839602144909,0.0984447274961333,2.4856582118702066,5,43,65,105.0,25,11,1.7388986986416466,3.433152107493809,5,2,0,42.41,56.81,69.32,95.0,74.27,7.6388756118023835,0.10910355136182458,2025-11-15T08:40:08.640950+00:00,100,San_Beda_20251115164008_100,1,63.4,,,,,,
San Beda,1354.8728771886947,127.416750539037,10.427701362307134,62.52976232479767,231,203,15,25,151,32,4.951054565780746,17,0,133,14,94,78.18892496731692,0.28124142600073543,3,0,5,1,4,0,5.001891965642466,3,5,98.0,16,62,0.9734915593921981,0.013390673907306234,0.9072517735633923,2.909723063435139,4,39,32,65.0,22,17,1.3979026156649716,3.0456119451466876,10,1,1,46.62,53.19,68.5,95.0,65.97,5.706123390896533,0.2313045485928724,2025-11-15T08:40:08.641283+00:00,101,San_Beda_20251115164008_101,1,57.98,,,,,,
San Beda,1369.9621392359356,109.92415142112709,10.0,44.190877545408554,325,134,14,17,209,43,4.105358210125532,14,1,119,18,76,65.86285075162539,1.1060074247159524,3,0,7,2,4,0,3.751838611124735,5,3,79.0,24,80,1.3706062952153597,0.20595776709577016,1.0480560226105136,3.2007631632098748,5,62,43,122.0,15,17,2.6754352351826673,3.820376665742368,7,1,1,56.35,51.95,64.4,95.0,69.91,9.994461041303522,1.4329376070404272,2025-11-15T08:40:08.641529+00:00,102,San_Beda_20251115164008_102,1,67.42,,,,,,
San Beda,1563.634694615994,107.59905673965038,10.0,61.070078044259375,265,215,14,26,184,41,3.5975375892613597,12,1,120,13,103,74.23050521849993,0.14958182054725688,4,0,5,1,3,0,5.91902052573641,3,4,126.0,16,59,0.0,0.4487965024464605,0.9841338480196533,3.8867442506215037,5,30,39,86.0,32,8,3.508593726051497,2.8476157030399856,9,2,0,54.08,54.29,79.05,95.0,76.3,4.816999040161327,0.7041779302495893,2025-11-15T08:40:08.641821+00:00,103,San_Beda_20251115164008_103,1,62.82,,,,,,
San Beda,1311.332110523146,149.36142283208096,10.770353152811229,33.894962997723844,261,182,10,22,173,29,4.821141162379966,20,0,153,15,81,59.66928816226694,0.042963388410773004,2,1,4,2,4,1,5.150529875677234,6,4,112.0,19,79,0.5325119769281415,0.03191952382637008,0.8906847543967494,3.32125010484162,6,42,40,77.0,24,19,2.098070839394165,3.1794193192353424,8,1,0,50.4,62.5,59.52,95.0,86.27,5.0290042172217575,2.0623400646031347,2025-11-15T08:40:08.642058+00:00,104,San_Beda_20251115164008_104,1,70.04,,,,,,
San Beda,2016.9508166867586,122.03332142159857,10.0,40.57702637874489,210,191,13,25,186,49,5.776172703752467,15,2,138,13,82,64.36907936789335,1.041164429238005,4,1,5,2,3,1,4.699380507344005,4,2,98.0,14,66,1.0809047799192437,0.19919135975015737,1.4924567409372944,2.224582459136479,5,41,37,61.0,21,12,2.288376957055514,2.4539954759192346,9,1,1,43.74,58.99,66.27,95.0,71.68,7.189163400142977,0.4223660851952235,2025-11-15T08:40:08.642286+00:00,105,San_Beda_20251115164008_105,1,60.92,,,,,,
